cod_id,path,formula,n_sites,n_species,volume,density,a,b,c,alpha,beta,gamma
1000061,data/raw/cif/1/00/00/1000061.cif,Al(HO)3,28,3,206.8635363358202,2.5046068314295122,5.062,8.671,4.713,90.0,90.27,90.0
1000000,data/raw/cif/1/00/00/1000000.cif,AlP2H17C5(NO4)2,140,6,1319.8989729698894,1.6210423854008031,7.8783,10.4689,16.068,90.0,95.147,90.0
1000062,data/raw/cif/1/00/00/1000062.cif,SnO2,6,2,71.53260410600002,6.9970289368805245,4.738,4.738,3.1865,90.0,90.0,90.0
1000001,data/raw/cif/1/00/00/1000001.cif,H142C107(N7O13)2,1156,4,11309.065344,1.1983596342667242,48.48,21.72,10.74,90.0,90.0,90.0
1000063,data/raw/cif/1/00/00/1000063.cif,Cu2O,6,2,76.87405100799998,6.18177023354037,4.252,4.252,4.252,90.0,90.0,90.0
1000002,data/raw/cif/1/00/00/1000002.cif,SrH3C3O7,56,4,613.212654326477,2.6179061567536053,6.341,16.88,5.7798,90.0,97.6,90.0
1000064,data/raw/cif/1/00/00/1000064.cif,Fe2SiO4,28,3,307.42433453717996,4.402685873964464,4.8195,10.4788,6.0873,90.0,90.0,90.0
1000003,data/raw/cif/1/00/00/1000003.cif,Sr(CO2)3,40,3,524.8133186841975,2.7799211848825127,7.966100000000001,9.205,7.3198,90.0,102.104,90.0
1000066,data/raw/cif/1/00/00/1000066.cif,Ba2Y1Cu2.5Pd0.5O7,13,6,174.068331613,6.559708757653066,3.841,3.883,11.671,90.0,90.0,90.0
1000004,data/raw/cif/1/00/00/1000004.cif,CuP2H30C29I,126,5,1364.942059141231,1.5351733015601814,9.898999999999997,11.729000000000001,12.259,103.442,96.291,95.56000000000002
1000065,data/raw/cif/1/00/00/1000065.cif,C,12,1,175.3060757069769,1.3652170249990045,2.46,2.46,33.45,90.0,90.0,119.99999999999999
1000005,data/raw/cif/1/00/00/1000005.cif,Sr5V3H3(O3F8)2,132,5,1753.518519015851,3.7648683996847283,11.217,8.1775,19.887,90.0,105.999,90.0
1000067,data/raw/cif/1/00/00/1000067.cif,LiSbWO6,36,4,406.51149174444004,6.67525841302887,4.6664,17.4435,4.9941,90.0,90.0,90.0
1000006,data/raw/cif/1/00/00/1000006.cif,H25C22N2ClO8,232,5,2183.294034761,1.4630109423721895,10.93,12.7162,15.7085,90.0,90.0,90.0
1000068,data/raw/cif/1/00/00/1000068.cif,LiNbWO6,18,4,203.32508421407698,6.20169176825626,4.6819,4.6819,9.2757,90.0,90.0,90.0
1000007,data/raw/cif/1/00/00/1000007.cif,CaMg(SiO3)2,40,4,438.6312279050659,3.2792047324827545,9.7397,8.9174,5.2503,90.0,105.866,90.0
1000079,data/raw/cif/1/00/00/1000079.cif,KVPO6,72,4,1050.2653064904,2.7448570795888765,6.755,9.1026,17.0808,90.0,90.0,90.0
1000008,data/raw/cif/1/00/00/1000008.cif,CaMg(SiO3)2,40,4,438.38549435015307,3.2810428650090016,9.737699999999998,8.9151,5.2494,90.0,105.85100000000001,90.0
1000080,data/raw/cif/1/00/00/1000080.cif,VPNO6,72,4,1117.20116466816,2.282045155144755,6.8064,9.2567,17.732,90.0,90.0,90.0
1000009,data/raw/cif/1/00/00/1000009.cif,CaMg(SiO3)2,40,4,430.51332383910795,3.341038520095978,9.6808,8.8488,5.218,90.0,105.606,90.0
1000081,data/raw/cif/1/00/00/1000081.cif,RbVPO6,72,4,1116.8867579022,3.132649812581461,6.8182,9.291,17.631,90.0,90.0,90.0
1000010,data/raw/cif/1/00/00/1000010.cif,CaMg(SiO3)2,40,4,424.12915099064554,3.3913292566695987,9.634099999999998,8.7948,5.1926,90.0,105.421,90.0
1000082,data/raw/cif/1/00/00/1000082.cif,Rb2NaAl6F21,60,4,790.350688070427,3.1716134899254294,12.075,6.972,10.214,90.0,113.2,90.0
1000011,data/raw/cif/1/00/00/1000011.cif,CaMg(SiO3)2,40,4,421.2562586940686,3.414457515290244,9.6135,8.7695,5.1813,90.0,105.337,90.0
1000012,data/raw/cif/1/00/00/1000012.cif,CaMg(SiO3)2,40,4,415.4933089960895,3.461816513571224,9.5731,8.7197,5.158,90.0,105.20299999999999,90.0
1000084,data/raw/cif/1/00/00/1000084.cif,VPH5O7,56,4,532.361741523699,2.4822633733735175,7.61,7.42,9.47,90.0,95.4,90.0
1000013,data/raw/cif/1/00/00/1000013.cif,CaMg(SiO3)2,40,4,412.82561781699735,3.4841868728181233,9.5557,8.6951,5.1474,90.0,105.14800000000001,90.0
1000085,data/raw/cif/1/00/00/1000085.cif,Rb2Cr5F17,192,3,2784.7029574400003,3.5963966901785307,7.418,25.67,14.624,90.0,90.0,90.0
1000014,data/raw/cif/1/00/00/1000014.cif,CaMg(SiO3)2,40,4,410.53572114930716,3.503621059659016,9.5391,8.6752,5.1385,90.0,105.106,90.0
1000086,data/raw/cif/1/00/00/1000086.cif,Al16H38.112O30.08F25.92,216,4,958.9936362995439,2.500036578692941,9.8614,9.8614,9.8614,90.0,90.0,90.0
1000015,data/raw/cif/1/00/00/1000015.cif,CaMg(SiO3)2,40,4,408.6809519316795,3.519521992797622,9.527,8.6587,5.1306,90.0,105.067,90.0
1000087,data/raw/cif/1/00/00/1000087.cif,Al2H3(OF)3,112,4,926.5742167490001,2.3223148063046994,9.749,9.749,9.749,90.0,90.0,90.0
1000016,data/raw/cif/1/00/00/1000016.cif,CaMg(SiO3)2,40,4,407.1639432754514,3.5326350039496117,9.5164,8.6449,5.1246,90.0,105.03299999999999,90.0
1000088,data/raw/cif/1/00/00/1000088.cif,Li2TbF6,36,3,400.4167828134531,4.757431966657322,7.585,4.965,11.116,90.0,106.96,90.0
1000017,data/raw/cif/1/00/00/1000017.cif,Al2O3,30,2,255.03329306417825,3.983260748587257,4.7606,4.7606,12.994,90.0,90.0,119.99999999999999
1000089,data/raw/cif/1/00/00/1000089.cif,Li2TbF6,36,3,394.69492774275545,4.826400008323311,7.56,4.934,11.066,90.0,107.02,90.0
1000018,data/raw/cif/1/00/00/1000018.cif,H22C13O3,152,3,1210.766292669533,1.2415274089801989,9.812,11.140999999999998,11.443,82.47,77.55999999999999,89.46000000000001
1000090,data/raw/cif/1/00/00/1000090.cif,K2FeF5,128,3,1948.1662394758982,3.123505661950782,7.4059,12.8771,20.4282,90.0,90.0,90.0
1000019,data/raw/cif/1/00/00/1000019.cif,H17C17NO2,148,4,1402.8261287474422,1.2657285087298107,12.1194,10.2869,12.5048,90.0,115.864,90.0
1000091,data/raw/cif/1/00/00/1000091.cif,Ca20.284Lu9.716F70,100,3,1240.2619834106279,5.144990176537516,8.6633,8.6633,16.5252,90.0,90.0,90.0
1000020,data/raw/cif/1/00/00/1000020.cif,As2H30Pt(C6Cl)2,188,5,1866.3258969905974,2.100490226169127,8.0566,17.754,13.083,90.0,94.2,90.0
1000092,data/raw/cif/1/00/00/1000092.cif,K5Cr10F31,368,4,5093.545522125427,3.4019715852217494,21.576,7.6081,32.865,90.0,109.24000000000001,90.0
1000021,data/raw/cif/1/00/00/1000021.cif,H15C13SNO4,136,5,1346.348868881279,1.3879175471057936,19.967,7.5484,9.1666,90.0,102.96700000000001,90.0
1000093,data/raw/cif/1/00/00/1000093.cif,Sm2O1.4F3.2,10,3,89.065786390021,7.157678670675972,3.9041,4.0397,5.6473,90.0,90.0,90.0
1000022,data/raw/cif/1/00/00/1000022.cif,CaTiO3,20,3,223.57214080000003,4.038767870562972,5.38,5.44,7.639,90.0,90.0,90.0
1000094,data/raw/cif/1/00/00/1000094.cif,V2NiO6,29,3,293.8912514750195,4.349049074620832,7.13,4.791,8.825,90.16000000000001,102.13,94.18999999999998
1000023,data/raw/cif/1/00/00/1000023.cif,Fe4Cu2.9376P6O24,37,4,406.3447535603598,4.004310393424717,7.9296,9.327499999999999,6.2555,107.16000000000001,101.011,105.83
1000095,data/raw/cif/1/00/00/1000095.cif,Na10.28V16P16H4O72,128,5,1398.396288058,3.209664747592233,13.723,6.314,16.139,90.0,90.0,90.0
1000024,data/raw/cif/1/00/00/1000024.cif,Gd3GaO6,40,3,556.0465671875232,7.61477837581185,8.9928,11.2809,5.48116,90.0,90.0,90.0
1000096,data/raw/cif/1/00/00/1000096.cif,Cr2Ni2H64N13Cl11O12,832,6,8539.701184000001,1.6332965826125072,20.44,20.44,20.44,90.0,90.0,90.0
1000025,data/raw/cif/1/00/00/1000025.cif,LaNi5,6,2,86.75975474666424,8.27539659208229,5.0125,5.0125,3.9873,90.0,90.0,119.99999999999999
1000097,data/raw/cif/1/00/00/1000097.cif,CdNF3,20,3,338.25016438653,3.601645577171765,6.1791,8.8786,6.1655,90.0,90.0,90.0
1000026,data/raw/cif/1/00/00/1000026.cif,MgB2,3,2,29.037124830704492,2.6264162951025387,3.085,3.085,3.523,90.0,90.0,119.99999999999999
1000098,data/raw/cif/1/00/00/1000098.cif,NaSrAlF6,72,4,915.899031972,3.6489724064298827,18.303,5.3122,9.42,90.0,90.0,90.0
1000027,data/raw/cif/1/00/00/1000027.cif,MgSO4,24,3,266.10532815600004,3.0044509640928543,5.182,7.893,6.506,90.0,90.0,90.0
1000099,data/raw/cif/1/00/00/1000099.cif,CoPH4ClO3,80,5,920.0037900960001,2.561405861862714,7.416,13.082,9.483,90.0,90.0,90.0
1000028,data/raw/cif/1/00/00/1000028.cif,Na4Al3Si3ClO12,46,5,699.044921875,2.302304641933506,8.875,8.875,8.875,90.0,90.0,90.0
1000029,data/raw/cif/1/00/00/1000029.cif,Y0.544Al2.76Si9.24N15.04O0.96,30,5,302.9872958290158,3.334173650205996,7.82927,7.82927,5.70757,90.0,90.0,119.99999999999999
1000030,data/raw/cif/1/00/00/1000030.cif,Ba2Y1Cu3O6.91,13,4,173.42621168028157,6.364951906671833,3.8203,3.88548,11.68349,90.0,90.0,90.0
1000031,data/raw/cif/1/00/00/1000031.cif,Ba2Y(CuO2)4,30,4,404.77769311834396,6.118562602619693,3.8402,3.8708,27.2309,90.0,90.0,90.0
1000032,data/raw/cif/1/00/00/1000032.cif,Al2O3,30,2,255.05398073017136,3.9829376625970117,4.7605,4.7605,12.9956,90.0,90.0,119.99999999999999
1000033,data/raw/cif/1/00/00/1000033.cif,BaCO3,20,3,303.805072401072,4.314397637415271,5.3126,8.8958,6.4284,90.0,90.0,90.0
1000034,data/raw/cif/1/00/00/1000034.cif,CaAl2(SiO4)2,104,4,1336.3457875724541,2.765595894982586,8.173,12.869,14.165,93.113,115.913,91.261
1000035,data/raw/cif/1/00/00/1000035.cif,Na0.36Ca2.464Mg3.608Ti0.08Al1.368Fe0.84Si7.28O24,40,8,432.5306295355303,3.3431824159391206,9.699,8.844,5.272,90.0,106.97,90.0
1000036,data/raw/cif/1/00/00/1000036.cif,Mg3(SiO3)4,76,3,1409.3428509448884,1.7779578084133698,5.329999999999999,9.18,28.85,90.0,93.25,90.0
1000037,data/raw/cif/1/00/00/1000037.cif,BaSO4,24,3,346.840901416,4.4695138029846335,8.884,5.458,7.153,90.0,90.0,90.0
1000038,data/raw/cif/1/00/00/1000038.cif,KMg2AlFeSi3(HO6)2,44,7,497.78431585615317,2.9942685668412277,5.345000000000001,9.258,10.222,90.0,100.23000000000002,90.0
1000039,data/raw/cif/1/00/00/1000039.cif,Ca3Al2O6,264,3,3555.655796447,3.028415689772515,15.263,15.263,15.263,90.0,90.0,90.0
1000040,data/raw/cif/1/00/00/1000040.cif,Ca8Al2.4Fe5.6O20,36,4,439.2268584,3.849023080789277,5.588,14.61,5.38,90.0,90.0,90.0
1000041,data/raw/cif/1/00/00/1000041.cif,NaCl,8,2,177.50432800000002,2.186910094616229,5.62,5.62,5.62,90.0,90.0,90.0
1000042,data/raw/cif/1/00/00/1000042.cif,KAl3(SiO4)3,76,4,934.1967181745539,2.817645124382969,5.189,8.995,20.09698,90.0,95.18,90.0
1000043,data/raw/cif/1/00/00/1000043.cif,CaF2,12,2,162.95027112799997,3.18247439364433,5.462,5.462,5.462,90.0,90.0,90.0
1000044,data/raw/cif/1/00/00/1000044.cif,CaO,8,2,110.52289439900004,3.3701149102116488,4.799,4.799,4.799,90.0,90.0,90.0
1000045,data/raw/cif/1/00/00/1000045.cif,Ca(HO)2,5,3,54.353606449631975,2.2635809819721824,3.5862,3.5862,4.8801,90.0,90.0,119.99999999999999
1000046,data/raw/cif/1/00/00/1000046.cif,Ca5Si6O19,48,3,454.4154913221435,2.4589011868787054,5.592999999999999,3.645,22.45599,90.0,96.96999999999998,90.0
1000047,data/raw/cif/1/00/00/1000047.cif,MgSiO3,80,3,833.4375541806601,3.2002274453201247,18.25099,8.814,5.181,90.0,90.0,90.0
1000048,data/raw/cif/1/00/00/1000048.cif,Ca2Al2SiO7,24,4,299.05229170999996,3.0450891143461867,7.685,7.685,5.0636,90.0,90.0,90.0
1000049,data/raw/cif/1/00/00/1000049.cif,K4S2O7.996,22,3,256.51414850013407,2.25571241315786,5.947,5.947,8.375,90.0,90.0,119.99999999999999
1000050,data/raw/cif/1/00/00/1000050.cif,KCl,2,2,47.99044410399999,2.579583260794564,3.634,3.634,3.634,90.0,90.0,90.0
1000051,data/raw/cif/1/00/00/1000051.cif,KNO3,15,3,238.72963612792697,2.109739908909361,5.487,5.487,9.156,90.0,90.0,119.99999999999999
1000052,data/raw/cif/1/00/00/1000052.cif,CaMg3(CO3)4,60,4,611.643072036554,2.8752934981879257,9.5027,9.5027,7.8212,90.0,90.0,119.99999999999999
1000053,data/raw/cif/1/00/00/1000053.cif,MgO,8,2,74.99128631299997,3.5698564001176347,4.217,4.217,4.217,90.0,90.0,90.0
1000054,data/raw/cif/1/00/00/1000054.cif,Mg(HO)2,5,3,40.74713058507867,2.3766607792101873,3.142,3.1420000000000003,4.766,90.0,90.0,119.99999999999999
1000055,data/raw/cif/1/00/00/1000055.cif,LaB6,7,2,71.86661198034841,4.70831277198354,4.157597,4.157597,4.157597,90.0,90.0,90.0
1000056,data/raw/cif/1/00/00/1000056.cif,Mg7.72B56,64,2,508.3455,2.5905442360175255,5.97,8.125,10.48,90.0,90.0,90.0
1000057,data/raw/cif/1/00/00/1000057.cif,LaB6,7,2,71.835657893,4.710341590666103,4.157,4.157,4.157,90.0,90.0,90.0
1000058,data/raw/cif/1/00/00/1000058.cif,RuO2,6,2,62.78483567417602,7.038831554836318,4.4968,4.4968,3.1049,90.0,90.0,90.0
1000059,data/raw/cif/1/00/00/1000059.cif,Al2O3,30,2,254.4176995274525,3.9928987162934266,4.7554,4.7554,12.991,90.0,90.0,119.99999999999999
1000060,data/raw/cif/1/00/00/1000060.cif,Ti3.996Al8.004O20,32,3,326.270517804,3.70117761648159,9.429,9.636,3.591,90.0,90.0,90.0
1000069,data/raw/cif/1/00/00/1000069.cif,LiNbWO6,18,4,203.309822951496,6.202157292475148,4.6818,4.6818,9.2754,90.0,90.0,90.0
1000070,data/raw/cif/1/00/00/1000070.cif,LiNbWO6,30,4,314.60671941320686,6.012075187407066,5.1562,5.1562,13.664,90.0,90.0,119.99999999999999
1000071,data/raw/cif/1/00/00/1000071.cif,Ba2PdO3,12,3,208.71536616,6.827395266539831,13.335,4.08,3.8362,90.0,90.0,90.0
1000072,data/raw/cif/1/00/00/1000072.cif,VPO7,36,3,528.8155033626958,2.435608580302322,5.659,7.577999999999999,12.623,89.66,102.14000000000001,92.22999999999999
1000073,data/raw/cif/1/00/00/1000073.cif,Li3ThF7,96,3,998.5689068355001,5.1330963748418545,8.7885,8.7685,12.958,90.0,90.0,90.0
1000074,data/raw/cif/1/00/00/1000074.cif,Li3ThF7,96,3,985.8499471712,5.199321104002631,8.759,8.728,12.8956,90.0,90.0,90.0
1000075,data/raw/cif/1/00/00/1000075.cif,LiBi(PdO2)2,16,4,208.030578894717,7.866589377478578,6.9109,6.9109,4.3557,90.0,90.0,90.0
1000076,data/raw/cif/1/00/00/1000076.cif,Na3Sr4Al5F26,152,4,1937.06117174293,3.594659462893245,10.2679,10.2679,18.373,90.0,90.0,90.0
1000077,data/raw/cif/1/00/00/1000077.cif,Cr12N0.4F36,52,3,668.68419072,3.2618019574304933,7.276,12.48,7.364,90.0,90.0,90.0
1000078,data/raw/cif/1/00/00/1000078.cif,V12N0.32F36,52,3,720.752954625,2.994424428665856,7.425,12.835,7.563,90.0,90.0,90.0
1000079,data/raw/cif/1/00/00/1000079.fixed.cif,KVPO6,72,4,1050.2653064904,2.7448570795888765,6.755,9.1026,17.0808,90.0,90.0,90.0
1000161,data/raw/cif/1/00/01/1000161.cif,Rb2CrF5,32,3,515.5450821,4.096051109274864,7.515,5.724,11.985,90.0,90.0,90.0
1000100,data/raw/cif/1/00/01/1000100.cif,Mn0.9999Fe2.0001Pb2O3F12,20,5,298.02658341445505,4.775056904743478,9.32,9.32,3.9618,90.0,90.0,119.99999999999999
1000162,data/raw/cif/1/00/01/1000162.cif,K3Fe5F15,46,3,642.2312955000001,3.524121776356731,12.75,12.637,3.986,90.0,90.0,90.0
1000101,data/raw/cif/1/00/01/1000101.cif,Co3(PO5)2,30,3,369.97822260708097,3.579265748201449,7.531,7.516,7.7,90.0,121.91,90.0
1000163,data/raw/cif/1/00/01/1000163.cif,Nb16Tl8O39.84F8.16,128,4,1159.610634216,5.604785689911424,10.506,10.506,10.506,90.0,90.0,90.0
1000102,data/raw/cif/1/00/01/1000102.cif,Co3P2(H2O5)2,38,4,366.10674299470617,3.653688972809593,7.5024,7.4896,7.6716,90.0,121.86400000000002,90.0
1000164,data/raw/cif/1/00/01/1000164.cif,Cs2NaAl3F12,18,4,259.876359160383,3.8193069583914574,7.31,7.31,7.31,57.43000000000001,57.43000000000001,57.430000000000014
1000103,data/raw/cif/1/00/01/1000103.cif,KCaAl2F9,156,4,2002.0371673439997,3.0269854877979236,12.343,7.152,22.679,90.0,90.0,90.0
1000166,data/raw/cif/1/00/01/1000166.cif,KAlF4,12,3,156.76191723600002,3.009895781650069,5.043,5.043,6.164,90.0,90.0,90.0
1000104,data/raw/cif/1/00/01/1000104.cif,Ba3AlF9,104,3,1631.8819184790239,4.965274756780756,7.5318,14.8674,14.5732,90.0,90.0,90.0
1000165,data/raw/cif/1/00/01/1000165.cif,Cs2LiAl3F12,18,4,246.7703397019838,3.9141575103055235,7.105999999999999,7.106,7.106,58.8,58.8,58.8
1000105,data/raw/cif/1/00/01/1000105.cif,MnFe2Pb8F24,70,4,1034.8775370506587,7.317472806279257,20.181,5.625,9.438,90.0,105.0,90.0
1000167,data/raw/cif/1/00/01/1000167.cif,Li2TiF6,18,3,191.5387015,3.0471353229979945,4.63,4.63,8.935,90.0,90.0,90.0
1000106,data/raw/cif/1/00/01/1000106.cif,CsAlF4,120,3,1865.3988987679413,4.199519551971136,11.8101,11.8101,13.3741,90.0,90.0,90.0
1000168,data/raw/cif/1/00/01/1000168.cif,Ba2Ni3F10,60,3,801.5483546655723,5.309412215557484,18.542,5.958,7.821,90.0,111.92,90.0
1000107,data/raw/cif/1/00/01/1000107.cif,CsAlF4,72,3,1253.9150665200002,3.748473572141951,10.5576,6.75,17.5954,90.0,90.0,90.0
1000179,data/raw/cif/1/00/01/1000179.cif,Na0.22Fe2F6,10,3,106.74272966577989,3.589469227440532,5.372,5.372,5.372,58.84999999999999,58.84999999999999,58.84999999999999
1000108,data/raw/cif/1/00/01/1000108.cif,BaZr2(OF5)2,64,4,919.4249627294481,3.9137943057746565,7.8974,7.9076,14.7227,90.0,90.0,90.0
1000180,data/raw/cif/1/00/01/1000180.cif,Li3Fe(SbO4)2,48,4,444.83505686099994,5.019112379891441,9.017,5.013,9.841,90.0,90.0,90.0
1000181,data/raw/cif/1/00/01/1000181.cif,AlHg2O2F5,40,4,633.4326077689999,5.82131177151152,9.353,9.353,7.241,90.0,90.0,90.0
1000110,data/raw/cif/1/00/01/1000110.cif,AlF3,64,2,744.0662956059621,2.9985859505358814,10.1843,10.1843,7.1738,90.0,90.0,90.0
1000182,data/raw/cif/1/00/01/1000182.cif,AlH4NF4,56,4,329.53539110937504,2.439165382805353,5.0875,5.0875,12.7319,90.0,90.0,90.0
1000111,data/raw/cif/1/00/01/1000111.cif,Li8Bi2PdO10,42,4,435.6333126566866,5.640695837104468,9.730800000000002,4.2042,11.0656,90.0,105.781,90.0
1000183,data/raw/cif/1/00/01/1000183.cif,AlH4NF4,40,4,324.992107336848,2.4732641201347594,5.0564,5.0564,12.7113,90.0,90.0,90.0
1000112,data/raw/cif/1/00/01/1000112.cif,Ti3.4284H2.2856O8,16,3,133.39578897366,3.6648304414101482,9.7689,2.9212,4.6745,90.0,90.0,90.0
1000184,data/raw/cif/1/00/01/1000184.cif,LiMnFeF6,27,4,304.14207122908056,3.7953077561718267,8.684,8.684,4.657,90.0,90.0,119.99999999999999
1000113,data/raw/cif/1/00/01/1000113.cif,VPH5NO6,56,5,556.0122756300001,2.3528729218734603,6.83,9.233,8.817,90.0,90.0,90.0
1000185,data/raw/cif/1/00/01/1000185.cif,LiMnFeF6,27,4,312.67891293423486,3.69168726819988,8.723,8.723,4.745,90.0,90.0,119.99999999999999
1000114,data/raw/cif/1/00/01/1000114.cif,K8.724Ba21.276Al18Cl6F99,177,5,2352.9791610711363,4.1228666910131055,18.863,18.863000000000003,7.636,90.0,90.0,119.99999999999999
1000186,data/raw/cif/1/00/01/1000186.cif,LiMnFeF6,27,4,312.67891293423486,3.69168726819988,8.723,8.723,4.745,90.0,90.0,119.99999999999999
1000115,data/raw/cif/1/00/01/1000115.cif,Zn11.0004P8H14O30,64,4,714.180168307799,3.3979181781879957,12.872,12.872,4.9772,90.0,90.0,119.99999999999999
1000187,data/raw/cif/1/00/01/1000187.cif,Fe3OF9,52,3,711.1677895400001,3.311141855385912,7.423,12.73,7.526,90.0,90.0,90.0
1000116,data/raw/cif/1/00/01/1000116.cif,TlV4O10,30,3,404.7853714056895,4.661354945308063,11.609,3.6877,9.629,90.0,100.9,90.0
1000188,data/raw/cif/1/00/01/1000188.cif,MnFe(NF3)2,80,4,1064.043761352,3.155978950192905,7.844,12.819,10.582,90.0,90.0,90.0
1000117,data/raw/cif/1/00/01/1000117.cif,Li3(CuO2)2,18,3,175.27321443009544,4.015321481272439,9.946,2.778,7.26,90.0,119.1,90.0
1000189,data/raw/cif/1/00/01/1000189.cif,Nb4HO12,34,3,446.81986112499993,4.196697799903251,7.645,7.645,7.645,90.0,90.0,90.0
1000190,data/raw/cif/1/00/01/1000190.cif,Nb8H8.0016O24,80,3,446.81986112499993,4.219178941246142,7.645,7.645,7.645,90.0,90.0,90.0
1000191,data/raw/cif/1/00/01/1000191.cif,Cr2Ag2.0004P4S12,30,4,406.40691214891933,3.384952935003044,5.892,10.632,6.745,90.0,105.88,90.0
1000120,data/raw/cif/1/00/01/1000120.cif,VP2(HO)6,60,4,636.9168599879185,2.241452675512171,12.195,8.111,7.651,90.0,122.69,90.0
1000192,data/raw/cif/1/00/01/1000192.cif,CrAg(PS3)2,20,4,406.40691214891933,3.3847766394184564,5.892,10.632,6.745,90.0,105.88,90.0
1000193,data/raw/cif/1/00/01/1000193.cif,Fe3(OF4)2,26,4,375.5041282049255,3.108963937872205,7.609000000000001,7.514,7.453,90.0,118.21000000000001,90.0
1000122,data/raw/cif/1/00/01/1000122.cif,BaFeF5,56,3,856.8542579748337,4.467575225274232,9.532,7.901,11.398,90.0,93.45000000000002,90.0
1000194,data/raw/cif/1/00/01/1000194.cif,Ca3Mn3O8,38,3,323.7278478,4.237353070399101,5.332,11.13,5.455,90.0,90.0,90.0
1000123,data/raw/cif/1/00/01/1000123.cif,V7.92Fe16Mo12.08O80,116,4,1559.7119017131001,3.977389114537607,9.539,9.539,17.1411,90.0,90.0,90.0
1000124,data/raw/cif/1/00/01/1000124.cif,VFeMoO7,20,4,286.3768413281242,3.649797047740794,5.570299999999999,6.6741,7.9032,96.174,90.26,101.273
1000125,data/raw/cif/1/00/01/1000125.cif,KAlF4,12,3,156.531381329664,3.014328688624411,5.0424,5.0424,6.1564,90.0,90.0,90.0
1000197,data/raw/cif/1/00/01/1000197.cif,Li2.3332Fe2Sn0.6668Sb1O8,20,5,149.82508821,5.062751708250525,3.031,5.045,9.798,90.0,90.0,90.0
1000126,data/raw/cif/1/00/01/1000126.cif,KAlF4,12,3,156.582474447487,3.0133451082372154,5.0431,5.0431,6.1567,90.0,90.0,90.0
1000198,data/raw/cif/1/00/01/1000198.cif,AlTlF4,6,3,83.238352896,6.131557136289456,3.616,3.616,6.366,90.0,90.0,90.0
1000127,data/raw/cif/1/00/01/1000127.cif,KAlF4,12,3,156.603944599552,3.0129319834090786,5.0432,5.0432,6.1573,90.0,90.0,90.0
1000199,data/raw/cif/1/00/01/1000199.cif,AlNF4,24,3,327.87005806,2.369877087937631,5.078,5.078,12.715,90.0,90.0,90.0
1000128,data/raw/cif/1/00/01/1000128.cif,Cr2PdN4O7,56,4,1027.5728318458016,2.4461751068686306,7.771,11.578,11.852,90.0,105.5,90.0
1000129,data/raw/cif/1/00/01/1000129.cif,BaAlF5,28,3,379.281558686688,4.54099274424898,13.7168,5.6054,4.9329,90.0,90.0,90.0
1000130,data/raw/cif/1/00/01/1000130.cif,BaAlF5,56,3,761.0417260769918,4.526203352612111,5.1517,19.56659,7.5567,90.0,92.426,90.0
1000131,data/raw/cif/1/00/01/1000131.cif,BaAlF5,28,3,377.0337845826575,4.568064922696892,5.2584,9.7298,7.3701,90.0,90.875,90.0
1000132,data/raw/cif/1/00/01/1000132.cif,Ba16Zr16O0.6F96,132,4,1961.9029724738127,4.646914375510844,13.193000000000001,7.499,19.83899,90.0,91.69,90.0
1000133,data/raw/cif/1/00/01/1000133.cif,Pd(NO4)2,44,3,622.1573949800439,2.801689389971531,5.0036,10.6073,11.7223,90.0,90.0,90.0
1000134,data/raw/cif/1/00/01/1000134.cif,BaHgRuO5,48,4,754.3784178296632,6.854330832717177,10.176,10.176,8.4121,90.0,90.0,119.99999999999999
1000135,data/raw/cif/1/00/01/1000135.cif,Sr5Zr3F22,60,3,809.5913838250001,4.634368024114538,7.655,10.313,10.255,90.0,90.0,90.0
1000136,data/raw/cif/1/00/01/1000136.cif,K2TiSi3O10,64,4,915.064705248912,2.687989285543166,7.1362,9.9084,12.9414,90.0,90.0,90.0
1000137,data/raw/cif/1/00/01/1000137.cif,V2Cu3H6O11,44,4,447.72502767142873,3.5201463368926746,10.606,5.874,7.213,90.0,94.9,90.0
1000138,data/raw/cif/1/00/01/1000138.cif,V2Cu3H6O11,44,4,447.08027881963415,3.525222853161414,10.607,5.864,7.214,90.0,94.88,90.0
1000139,data/raw/cif/1/00/01/1000139.cif,BaGaO2F5,18,4,283.05669312752667,3.919270160709545,10.0626,5.807,4.9788,90.0,103.35900000000001,90.0
1000141,data/raw/cif/1/00/01/1000141.cif,LiSbO3,20,3,215.56142354736005,5.444683380140021,4.9005,8.4892,5.1816,90.0,90.0,90.0
1000142,data/raw/cif/1/00/01/1000142.cif,Li1.6Sb4H2.4O12,24,4,214.04888328040002,5.372691954918262,4.726,8.659,5.2306,90.0,90.0,90.0
1000143,data/raw/cif/1/00/01/1000143.cif,Li0.66Sb4H1.34O12,18,4,214.5849050108357,5.30051408952369,5.2526,4.7331,8.6322,90.0,90.80000000000001,90.0
1000144,data/raw/cif/1/00/01/1000144.cif,NaFe2PbF9,52,4,700.2083582547589,4.865026362905516,7.308,12.559,7.64,90.0,93.06,90.0
1000145,data/raw/cif/1/00/01/1000145.cif,Na5V2(PO5)3,50,4,648.9016917756442,2.81358985907946,6.3088999999999995,20.10379,5.1172,90.0,91.134,90.0
1000146,data/raw/cif/1/00/01/1000146.cif,Rb2NaAl3F12,36,4,488.5726050078836,3.418134499021534,12.046,6.984,7.093,90.0,125.04,90.0
1000147,data/raw/cif/1/00/01/1000147.cif,K2NaAl3F12,36,4,468.39777510199673,2.9078135794571978,11.882,6.983,6.942,90.0,125.59,90.0
1000148,data/raw/cif/1/00/01/1000148.cif,LiPO3,60,3,714.3872860257361,2.3963779767911464,7.9911,17.03189,5.3208,90.0,99.43299999999999,90.0
1000149,data/raw/cif/1/00/01/1000149.cif,NaCaAlF6,72,4,923.5584074710127,2.9348739457065536,8.7423,5.1927,20.35139,90.0,91.499,90.0
1000150,data/raw/cif/1/00/01/1000150.cif,Ba2ZrF8,44,3,650.078627853837,5.291270333761636,9.7401,5.6147,11.8871,90.0,90.0,90.0
1000151,data/raw/cif/1/00/01/1000151.cif,Ba2ZrF8,44,3,650.394122276514,5.288703634245141,9.7426,5.6157,11.8877,90.0,90.0,90.0
1000152,data/raw/cif/1/00/01/1000152.cif,Ba2ZrF8,44,3,650.135127836313,5.2908104960012485,9.7401,5.6167,11.8839,90.0,90.0,90.0
1000153,data/raw/cif/1/00/01/1000153.cif,Ba2ZrF8,44,3,651.53268759072,5.279461527701978,9.7472,5.6173,11.8995,90.0,90.0,90.0
1000154,data/raw/cif/1/00/01/1000154.cif,ZrPb2F8,44,3,626.2018453152,6.975317242762252,10.08,5.3262,11.6637,90.0,90.0,90.0
1000155,data/raw/cif/1/00/01/1000155.cif,LaNi5H7,34,3,217.90291788827417,6.804649266605705,5.409,5.409,8.6,90.0,90.0,119.99999999999999
1000156,data/raw/cif/1/00/01/1000156.cif,LaNi5H7,34,3,217.90291788827417,6.804649266605705,5.409,5.409,8.6,90.0,90.0,119.99999999999999
1000157,data/raw/cif/1/00/01/1000157.cif,NaMnCrF6,27,4,350.4050216473602,3.467666744405854,8.993,8.993,5.003,90.0,90.0,119.99999999999999
1000158,data/raw/cif/1/00/01/1000158.cif,MnCrF5,28,3,359.96353638601573,3.7260027250977554,8.586,6.291,7.381,90.0,115.45999999999998,90.0
1000159,data/raw/cif/1/00/01/1000159.cif,MnCrF5,28,3,371.28314444846905,3.612405081039897,8.856,6.291,7.381,90.0,115.45999999999998,90.0
1000160,data/raw/cif/1/00/01/1000160.cif,MnCrF5,28,3,371.28314444846905,3.612405081039897,8.856,6.291,7.381,90.0,115.45999999999998,90.0
1000169,data/raw/cif/1/00/01/1000169.cif,Nb16Tl8O39.9984F8.0016,96,4,1159.610634216,5.604105439183653,10.506,10.506,10.506,90.0,90.0,90.0
1000170,data/raw/cif/1/00/01/1000170.cif,Ti8Nb8Tl8O32.0016F15.9984,96,5,1113.5453771250002,5.334391344531447,10.365,10.365,10.365,90.0,90.0,90.0
1000171,data/raw/cif/1/00/01/1000171.cif,Ti8Tl8W8O39.9984F8.0016,96,5,1074.056427521,6.618138031554435,10.241,10.241,10.241,90.0,90.0,90.0
1000172,data/raw/cif/1/00/01/1000172.cif,Rb8Nb16O39.9984F8.0016,96,4,1154.9810154880004,4.25883155427064,10.492,10.492,10.492,90.0,90.0,90.0
1000173,data/raw/cif/1/00/01/1000173.cif,Cs8Nb16O39.9984F8.0016,96,4,1165.9134531250002,4.759398026511265,10.525,10.525,10.525,90.0,90.0,90.0
1000174,data/raw/cif/1/00/01/1000174.cif,Fe2NF6,36,4,531.2258578799999,2.9969160562842365,7.045,7.454,10.116,90.0,90.0,90.0
1000175,data/raw/cif/1/00/01/1000175.cif,RbAlF4,120,3,1708.1353233560003,3.6638418371619417,11.666,11.666,12.551,90.0,90.0,90.0
1000176,data/raw/cif/1/00/01/1000176.cif,Na3Li3Sc2F12,160,4,2003.7118125429997,2.702890971275259,12.607,12.607,12.607,90.0,90.0,90.0
1000177,data/raw/cif/1/00/01/1000177.cif,Na3Li3In2F12,160,4,2044.9977765569997,3.5559716863695088,12.693,12.693,12.693,90.0,90.0,90.0
1000178,data/raw/cif/1/00/01/1000178.cif,LiFe2F6,18,4,202.86507041,3.808215520479033,4.673,4.673,9.29,90.0,90.0,90.0
1000261,data/raw/cif/1/00/02/1000261.cif,LiCoF4,12,3,127.36499893311611,3.6992429544578926,5.429600000000001,4.6462,5.5371,90.0,114.24400000000001,90.0
1000262,data/raw/cif/1/00/02/1000262.cif,K2AlH2OF5,44,5,559.1652727999999,2.591759224304886,9.2,8.119,7.486,90.0,90.0,90.0
1000201,data/raw/cif/1/00/02/1000201.cif,Ba2FeCoF9,52,4,755.8795176496585,4.92457154670697,7.486,17.757,5.687,90.0,90.87000000000002,90.0
1000263,data/raw/cif/1/00/02/1000263.cif,Sr10Al2ClF25,304,4,4427.829292181328,4.321996776179739,16.4209,16.4209,16.4209,90.0,90.0,90.0
1000264,data/raw/cif/1/00/02/1000264.cif,Li0.4La8Cu3.6O15.864,28,4,375.05731136668805,7.068831877888268,5.3813,5.3192,13.1028,90.0,90.0,90.0
1000266,data/raw/cif/1/00/02/1000266.cif,Li1.008La8Cu2.992O15.92,28,4,370.04560700475207,7.014151687774309,5.3177,5.3032,13.1218,90.0,90.0,90.0
1000204,data/raw/cif/1/00/02/1000204.cif,BaNaCr2F9,52,4,683.6935325067068,4.228933884756781,7.318,17.311,5.398,90.0,91.14,90.0
1000265,data/raw/cif/1/00/02/1000265.cif,Li0.58La8Cu3.42O15.896,28,4,373.48340602713404,7.0555964032149845,5.3617,5.3147,13.1066,90.0,90.0,90.0
1000205,data/raw/cif/1/00/02/1000205.cif,BaNaFe2F9,52,4,707.4748176290386,4.159052256936234,7.363,17.527,5.484,90.0,91.5,90.0
1000267,data/raw/cif/1/00/02/1000267.cif,Li1.82La8Cu2.18O16,28,4,363.82881168480003,6.930065897166004,5.2636,5.258,13.146,90.0,90.0,90.0
1000268,data/raw/cif/1/00/02/1000268.cif,LiLa4CuO8,28,4,362.74084764413,6.904208858774424,5.2517,5.251,13.1539,90.0,90.0,90.0
1000207,data/raw/cif/1/00/02/1000207.cif,KAlF4,12,3,156.757897808792,3.0099729583484502,5.0449,5.0449,6.1592,90.0,90.0,90.0
1000279,data/raw/cif/1/00/02/1000279.cif,Nb4.8H1.2W3.2O24,34,4,436.81356054687507,5.395952447054964,7.5875,7.5875,7.5875,90.0,90.0,90.0
1000208,data/raw/cif/1/00/02/1000208.cif,KAlF4,24,3,325.8229881016068,2.8962783513904355,7.3403,7.237,6.407,90.0,106.80100000000002,90.0
1000280,data/raw/cif/1/00/02/1000280.cif,LaSO,24,3,466.35119180999993,5.325956563179706,13.215,5.943,5.938,90.0,90.0,90.0
1000209,data/raw/cif/1/00/02/1000209.cif,Na3Li3Ti2F12,160,4,1952.1876499919997,2.81384741517835,12.498,12.498,12.498,90.0,90.0,90.0
1000281,data/raw/cif/1/00/02/1000281.cif,CsSb2PO8,96,4,1532.6824843052084,4.6404567190731285,18.165,7.154,13.677,90.0,120.42000000000002,90.0
1000210,data/raw/cif/1/00/02/1000210.cif,Na3Li3V2F12,160,4,1910.778533929,2.917576951886851,12.409,12.409,12.409,90.0,90.0,90.0
1000282,data/raw/cif/1/00/02/1000282.cif,Mo4H8N2O13,216,4,2238.839076852,3.7252692009701964,7.647,15.414,18.994,90.0,90.0,90.0
1000211,data/raw/cif/1/00/02/1000211.cif,Na3Li3Cr2F12,160,4,1873.6043115519997,2.990419400851825,12.328,12.328,12.328,90.0,90.0,90.0
1000283,data/raw/cif/1/00/02/1000283.cif,Mo4H8N2O13,54,4,590.9200840440069,3.528513619747009,8.264,8.344000000000001,10.245,104.61,106.05,109.66999999999999
1000212,data/raw/cif/1/00/02/1000212.cif,Na3Li3Fe2F12,160,4,1903.3968624570002,2.997337432078209,12.393,12.393,12.393,90.0,90.0,90.0
1000284,data/raw/cif/1/00/02/1000284.cif,Ba2Y2CuPtO8,56,5,774.23765896,7.19852983486679,13.207,5.68,10.321,90.0,90.0,90.0
1000213,data/raw/cif/1/00/02/1000213.cif,Na3Li3Co2F12,160,4,1872.6925819760004,3.0902945923111718,12.326,12.326,12.326,90.0,90.0,90.0
1000285,data/raw/cif/1/00/02/1000285.cif,Sr2CaCu2(BiO4)2,68,5,896.816531939328,6.579568497963342,5.4054,5.4016,30.7152,90.0,90.0,90.0
1000214,data/raw/cif/1/00/02/1000214.cif,Ba6Cu11F34,51,3,698.1106664510316,5.159018653715419,7.490000000000001,10.031000000000002,10.271,82.98,73.88,70.42000000000002
1000286,data/raw/cif/1/00/02/1000286.cif,SrZn2(PO4)2,52,4,714.3269488067149,3.7973208113100423,8.3232,9.5101,9.0317,90.0,92.293,90.0
1000215,data/raw/cif/1/00/02/1000215.cif,BaFeCuF7,40,4,527.652822920362,4.905675670894967,10.695,9.932,5.654,90.0,118.53,90.0
1000287,data/raw/cif/1/00/02/1000287.cif,Cs4Nb2Si8O23,37,4,562.9797702109277,3.8642243755278898,7.016,7.839999999999999,11.066,77.16,89.95,72.02
1000216,data/raw/cif/1/00/02/1000216.cif,BaFeCuF7,40,4,527.652822920362,4.905675670894968,10.695,9.932,5.654,90.0,118.53,90.0
1000288,data/raw/cif/1/00/02/1000288.cif,Ba3AlF9,104,3,1674.096173662,4.840069658690226,19.706,5.599,15.173,90.0,90.0,90.0
1000217,data/raw/cif/1/00/02/1000217.cif,Ba6Zn7F26,78,3,1104.645583226542,5.338830655862419,19.46,5.956,12.243,90.0,128.88,90.0
1000289,data/raw/cif/1/00/02/1000289.cif,NaSr2CrF8,48,4,667.5073960951729,4.002296076337341,7.7388,6.2756,14.827,90.0,112.03,90.0
1000290,data/raw/cif/1/00/02/1000290.cif,PrNiO3,20,3,221.79445024987803,7.4149416740965775,5.4146,5.3757,7.6199,90.0,90.0,90.0
1000219,data/raw/cif/1/00/02/1000219.cif,BaNaFe2F9,52,4,697.3319249287207,4.219546863979259,7.3236,17.4525,5.4586,90.0,91.84,90.0
1000291,data/raw/cif/1/00/02/1000291.cif,PrNiO3,20,3,223.257869349372,7.366337934845953,5.4294,5.3849,7.6362,90.0,90.0,90.0
1000220,data/raw/cif/1/00/02/1000220.cif,Ba7Fe6CuF34,96,4,1450.318617812471,4.593188596595608,16.982,11.372,7.663,90.0,101.47,90.0
1000292,data/raw/cif/1/00/02/1000292.cif,PrNiO3,20,3,224.81653377024,7.315266740665597,5.4456,5.3952,7.652,90.0,90.0,90.0
1000221,data/raw/cif/1/00/02/1000221.cif,AlTlF4,6,3,86.176942455082,5.922474181286655,3.6587,3.6587,6.4378,90.0,90.0,90.0
1000293,data/raw/cif/1/00/02/1000293.cif,PrNiO3,30,3,338.075334999685,7.29686289703459,5.4577,5.457700000000001,13.1058,90.0,90.0,119.99999999999999
1000222,data/raw/cif/1/00/02/1000222.cif,AlTlF4,6,3,85.409066346768,5.975720594348383,3.6492,3.6492,6.4137,90.0,90.0,90.0
1000294,data/raw/cif/1/00/02/1000294.cif,PrNiO3,30,3,339.2080658553213,7.272496195340816,5.4614,5.4614,13.1319,90.0,90.0,119.99999999999999
1000295,data/raw/cif/1/00/02/1000295.cif,Na2MnCrF7,66,4,866.3927405890058,3.2877857267776194,7.421,7.421,18.166,90.0,90.0,119.99999999999999
1000224,data/raw/cif/1/00/02/1000224.cif,MnFeH4NF6,104,5,1051.9518298363198,3.1170866575458223,10.5276,7.797,12.8156,90.0,90.0,90.0
1000296,data/raw/cif/1/00/02/1000296.cif,Na2MnGaF7,66,4,858.1713543512157,3.5250896351630487,7.401,7.401,18.091,90.0,90.0,119.99999999999999
1000225,data/raw/cif/1/00/02/1000225.cif,MnFeH4NF6,116,5,1051.133180095044,3.1195143253561977,7.7947,12.8133,10.5244,90.0,90.0,90.0
1000297,data/raw/cif/1/00/02/1000297.cif,BaNa4Cu3F12,320,4,4200.557260375001,4.098014081380143,16.135,16.135,16.135,90.0,90.0,90.0
1000226,data/raw/cif/1/00/02/1000226.cif,Ba6Zn7F26,78,3,1104.645583226542,5.338830655862419,19.46,5.956,12.243,90.0,128.88,90.0
1000298,data/raw/cif/1/00/02/1000298.cif,KSiSbO5,64,4,893.7494712360001,3.9974218279222984,13.005,6.4748,10.614,90.0,90.0,90.0
1000227,data/raw/cif/1/00/02/1000227.cif,MnFeH4O2F5,52,5,555.0432263106501,2.8936678206048962,7.5635,10.901,6.7319,90.0,90.0,90.0
1000299,data/raw/cif/1/00/02/1000299.cif,KAlH6(OF3)2,64,5,646.586319426048,2.240636941420112,8.6472,8.6472,8.6472,90.0,90.0,90.0
1000228,data/raw/cif/1/00/02/1000228.cif,FeF3,64,2,1100.7030781249998,2.7237220327226894,10.325,10.325,10.325,90.0,90.0,90.0
1000229,data/raw/cif/1/00/02/1000229.cif,InAg(PS3)2,20,4,428.8378321560657,3.694247433913145,6.182,6.182,12.957,90.0,90.0,119.99999999999999
1000230,data/raw/cif/1/00/02/1000230.cif,MnFeH4O2F5,52,5,530.6577549,3.0266413864478685,7.475,10.766,6.594,90.0,90.0,90.0
1000231,data/raw/cif/1/00/02/1000231.cif,ZnFeH4O2F5,52,5,522.415152028,3.2075264968494848,7.451,10.747,6.524,90.0,90.0,90.0
1000232,data/raw/cif/1/00/02/1000232.cif,NaCu3F7,44,3,530.7053697917906,4.338153899941445,12.124,7.344,6.924,90.0,120.59,90.0
1000233,data/raw/cif/1/00/02/1000233.cif,BaYFeCuO5,9,5,114.485442984,6.173361709145088,3.867,3.867,7.656,90.0,90.0,90.0
1000234,data/raw/cif/1/00/02/1000234.cif,Ba2Y1Cu2.5Pd0.5O7,13,5,174.068331613,6.559708757653066,3.841,3.883,11.671,90.0,90.0,90.0
1000235,data/raw/cif/1/00/02/1000235.cif,FeH10N2OF5,76,5,678.7229034299999,2.0054898269172177,10.491,8.09,7.997,90.0,90.0,90.0
1000236,data/raw/cif/1/00/02/1000236.cif,Na2Ca3Al2F14,84,4,1079.0984445929998,2.992417039341658,10.257,10.257,10.257,90.0,90.0,90.0
1000237,data/raw/cif/1/00/02/1000237.cif,Na2CrNiF7,44,4,544.476686688,3.533581558245828,7.183,10.224,7.414,90.0,90.0,90.0
1000238,data/raw/cif/1/00/02/1000238.cif,AlF3,48,2,593.447939508,2.8197251078010175,6.931,12.002,7.134,90.0,90.0,90.0
1000239,data/raw/cif/1/00/02/1000239.cif,LiFe2F6,18,4,204.13071428400002,3.7846039603016632,4.679,4.679,9.324,90.0,90.0,90.0
1000242,data/raw/cif/1/00/02/1000242.cif,BaY2PdO5,18,4,248.10630359899997,6.713677347235893,6.523,6.523,5.831,90.0,90.0,90.0
1000243,data/raw/cif/1/00/02/1000243.cif,NbFeF6,24,3,358.014862943575,3.655934999648567,5.4201,5.420100000000001,14.072,90.0,90.0,119.99999999999999
1000244,data/raw/cif/1/00/02/1000244.cif,NbFeF6,24,3,356.45865532467656,3.671895879867532,5.3942,5.3942,14.1457,90.0,90.0,119.99999999999999
1000245,data/raw/cif/1/00/02/1000245.cif,NbFeF6,32,3,464.6410361280212,3.7559577281049528,7.793,7.7398,7.7435,86.585,87.046,86.138
1000246,data/raw/cif/1/00/02/1000246.cif,NbFeF6,32,3,461.7924957086599,3.779126137079423,7.7994,7.714300000000001,7.7206,86.483,86.96799999999999,85.687
1000248,data/raw/cif/1/00/02/1000248.cif,Ba2Ni7F18,27,3,333.84999174301123,5.110586071109644,6.937000000000001,7.229,7.456,94.37,93.16,115.85999999999999
1000249,data/raw/cif/1/00/02/1000249.cif,Ba2Ni7F18,27,3,331.9442236365227,5.139927120738663,6.924,7.218,7.437,94.39000000000001,93.2,115.82000000000001
1000250,data/raw/cif/1/00/02/1000250.cif,La3.8Ni2O7.86,14,3,189.56945490400003,6.753446528352364,3.869,3.869,12.664,90.0,90.0,90.0
1000251,data/raw/cif/1/00/02/1000251.cif,LiVCuO4,28,4,288.05550696399996,4.275665988027062,5.662,5.809,8.758,90.0,90.0,90.0
1000252,data/raw/cif/1/00/02/1000252.cif,Fe2CuH4(OF4)2,68,5,736.8424417436057,3.2744970634130746,7.541,7.501,13.027,90.0,90.52,90.0
1000254,data/raw/cif/1/00/02/1000254.cif,V2CuO8,22,3,356.1048225645312,2.7365108080124387,5.617,5.595,11.333,90.0,91.04000000000002,90.0
1000255,data/raw/cif/1/00/02/1000255.cif,TlV3O8,24,3,325.10562988282913,4.956533900366913,7.78,8.423,4.993,90.0,96.48,90.0
1000256,data/raw/cif/1/00/02/1000256.cif,Li2NiF4,56,3,575.5151334319999,3.429340232484781,8.318,8.318,8.318,90.0,90.0,90.0
1000257,data/raw/cif/1/00/02/1000257.cif,Na2FeNiF7,44,4,555.5712805461,3.5090326705669352,7.2338,10.305,7.4529,90.0,90.0,90.0
1000258,data/raw/cif/1/00/02/1000258.cif,Na2FeNiF7,44,4,548.7561971850001,3.5526118598123815,7.203,10.255,7.429,90.0,90.0,90.0
1000259,data/raw/cif/1/00/02/1000259.cif,Na2FeNiF7,44,4,548.8097082720001,3.5522654663003093,7.203,10.256,7.429,90.0,90.0,90.0
1000260,data/raw/cif/1/00/02/1000260.cif,LiCoF4,12,3,127.85503491740168,3.685064692620412,5.4354,4.6527,5.5392,90.0,114.117,90.0
1000269,data/raw/cif/1/00/02/1000269.cif,CsBaCr3F12,136,4,2109.766266037563,4.119232797035929,17.184,9.886,15.037,90.0,124.32,90.0
1000270,data/raw/cif/1/00/02/1000270.cif,Tl4Mo5O17,52,3,842.4633219646407,6.18604046350926,7.703,10.702999999999998,12.216,97.68,118.76000000000002,99.81
1000271,data/raw/cif/1/00/02/1000271.cif,Mo5N4O17,52,3,876.8550191108038,3.0592171834184168,7.750000000000001,11.038,12.421,98.52,119.87,99.18
1000272,data/raw/cif/1/00/02/1000272.cif,KGaF4,48,3,698.85946356,3.5130654928546434,12.211,7.496,7.635,90.0,90.0,90.0
1000273,data/raw/cif/1/00/02/1000273.cif,Rb0.28Al4H14.88N3.72F16,56,5,329.421547106445,2.5351791973175652,5.0881,5.0881,12.7245,90.0,90.0,90.0
1000274,data/raw/cif/1/00/02/1000274.cif,Rb0.4Al4H14.4N3.6F16,56,5,329.400823271473,2.5761287763645244,5.0893,5.0893,12.7177,90.0,90.0,90.0
1000275,data/raw/cif/1/00/02/1000275.cif,Rb0.12Al4H15.52N3.88F16,40,5,325.00012500925095,2.5145455091604267,5.0569,5.0569,12.7091,90.0,90.0,90.0
1000276,data/raw/cif/1/00/02/1000276.cif,Rb0.28Al4H14.88N3.72F16,56,5,324.90355031272304,2.5704325254943945,5.0579,5.0579,12.7003,90.0,90.0,90.0
1000277,data/raw/cif/1/00/02/1000277.cif,Rb0.4Al4H14.4N3.6F16,56,5,325.10683171999995,2.6101541308693563,5.06,5.06,12.6977,90.0,90.0,90.0
1000278,data/raw/cif/1/00/02/1000278.cif,Ba7Fe6CuF34,96,4,1432.8029578149499,4.649339185428249,16.892,11.331,7.646,90.0,101.75000000000001,90.0
1000361,data/raw/cif/1/00/03/1000361.cif,Ba3ScCO3F7,60,5,925.967992736,4.662112993675088,11.519,13.456,5.974,90.0,90.0,90.0
1000300,data/raw/cif/1/00/03/1000300.cif,CaAlF5,28,3,366.4301426035834,2.937454169905845,8.712,6.317,7.349,90.0,115.04000000000003,90.0
1000362,data/raw/cif/1/00/03/1000362.cif,Na2EuC(OF)3,80,5,1001.31013336,4.17838874898211,6.596,10.774,14.09,90.0,90.0,90.0
1000301,data/raw/cif/1/00/03/1000301.cif,PrNiO3,20,3,221.79422403411002,7.414949236857659,5.4145,5.3753,7.6206,90.0,90.0,90.0
1000363,data/raw/cif/1/00/03/1000363.cif,AlFeF5,14,3,163.93020963857998,3.602443475710568,7.4289,6.203,3.5574,90.0,90.0,90.0
1000302,data/raw/cif/1/00/03/1000302.cif,PrNiO3,20,3,221.79858978784,7.414803285333262,5.4154,5.3755,7.6192,90.0,90.0,90.0
1000303,data/raw/cif/1/00/03/1000303.cif,NdNiO3,20,3,220.89005447872,7.545564647318895,5.3888,5.3845,7.6127,90.0,90.0,90.0
1000366,data/raw/cif/1/00/03/1000366.cif,Li3ThF7,48,3,501.967510891091,5.105659554149117,6.21785,6.21785,12.9836,90.0,90.0,90.0
1000304,data/raw/cif/1/00/03/1000304.cif,SmNiO3,20,3,219.24635479334998,7.787481345917326,5.3283,5.4374,7.5675,90.0,90.0,90.0
1000365,data/raw/cif/1/00/03/1000365.cif,Li3ThF7,48,3,499.8343183636479,5.127449484148792,6.2096,6.2096,12.9628,90.0,90.0,90.0
1000305,data/raw/cif/1/00/03/1000305.cif,NaSrCrF6,36,4,495.2299701030896,3.70978309930392,5.5676,9.2937,9.5858,90.0,93.201,90.0
1000367,data/raw/cif/1/00/03/1000367.cif,Li3ThF7,48,3,505.17775456395304,5.073214714424053,6.2301,6.2301,13.0153,90.0,90.0,90.0
1000306,data/raw/cif/1/00/03/1000306.cif,NaSrFeF6,36,4,522.488879862757,3.5651682560899403,5.4053,9.3103,10.3823,90.0,90.0,90.0
1000368,data/raw/cif/1/00/03/1000368.cif,Li3ThF7,48,3,509.80298540729905,5.027187543450694,6.24774,6.24774,13.0604,90.0,90.0,90.0
1000307,data/raw/cif/1/00/03/1000307.cif,LaNiO3,30,3,337.4315705127685,7.251666392582217,5.4535,5.4535,13.101,90.0,90.0,119.99999999999999
1000379,data/raw/cif/1/00/03/1000379.cif,CaTl2O4,28,3,384.09371361899997,8.86861179025304,3.3255,11.022,10.479,90.0,90.0,90.0
1000308,data/raw/cif/1/00/03/1000308.cif,LaNiO3,30,3,337.441872980382,7.251444991315403,5.4535,5.4535,13.1014,90.0,90.0,119.99999999999999
1000380,data/raw/cif/1/00/03/1000380.cif,Ca7.52Tl8.48O20,36,3,503.5890084971001,7.763898343826875,3.3431,11.159,13.499,90.0,90.0,90.0
1000309,data/raw/cif/1/00/03/1000309.cif,LaNiO3,30,3,337.57788247979937,7.248523397649147,5.4536,5.4536,13.1062,90.0,90.0,119.99999999999999
1000381,data/raw/cif/1/00/03/1000381.cif,Nb16Tl16O48.56,104,4,1219.179044360789,7.536794657725574,10.6829,10.6829,10.6829,90.0,90.0,90.0
1000310,data/raw/cif/1/00/03/1000310.cif,LaNiO3,30,3,339.06778093698796,7.216672645574712,5.4573,5.4573,13.1462,90.0,90.0,119.99999999999999
1000382,data/raw/cif/1/00/03/1000382.cif,Nb16Tl16O50.168,104,4,1205.161579266632,7.659904708415922,10.6418,10.6418,10.6418,90.0,90.0,90.0
1000311,data/raw/cif/1/00/03/1000311.cif,PrNiO3,20,3,222.25325595527997,7.399634732784623,5.4155,5.3884,7.6164,90.0,90.0,90.0
1000383,data/raw/cif/1/00/03/1000383.cif,Nb16Tl16O51.44,104,4,1204.5161814391993,7.69206509800746,10.6399,10.6399,10.6399,90.0,90.0,90.0
1000312,data/raw/cif/1/00/03/1000312.cif,PrNiO3,20,3,222.11565416914797,7.4042188444257615,5.4133,5.3828,7.6227,90.0,90.0,90.0
1000384,data/raw/cif/1/00/03/1000384.cif,Nb16Tl16O51.92,104,4,1204.4482582327728,7.703086685235317,10.6397,10.6397,10.6397,90.0,90.0,90.0
1000313,data/raw/cif/1/00/03/1000313.cif,PrNiO3,20,3,221.587470333435,7.421867805821558,5.4115,5.3763,7.6163,90.0,90.0,90.0
1000385,data/raw/cif/1/00/03/1000385.cif,Nb16Tl16O52.704,88,4,1203.5315448530002,7.726260605114802,10.637,10.637,10.637,90.0,90.0,90.0
1000314,data/raw/cif/1/00/03/1000314.cif,PrNiO3,20,3,222.35526975495895,7.39623987348509,5.4193,5.3801,7.6263,90.0,90.0,90.0
1000386,data/raw/cif/1/00/03/1000386.cif,Nb16Tl16O53.184,88,4,1201.5977888062969,7.749307555796288,10.6313,10.6313,10.6313,90.0,90.0,90.0
1000315,data/raw/cif/1/00/03/1000315.cif,NdNiO3,20,3,220.51643421862397,7.55834907237135,5.3824,5.3861,7.6066,90.0,90.0,90.0
1000387,data/raw/cif/1/00/03/1000387.cif,Nb2Tl2O7,88,4,1198.447161848,7.832106049626307,10.622,10.622,10.622,90.0,90.0,90.0
1000316,data/raw/cif/1/00/03/1000316.cif,NdNiO3,20,3,220.60858550850404,7.555191844311629,5.3836,5.3863,7.6078,90.0,90.0,90.0
1000388,data/raw/cif/1/00/03/1000388.cif,Ca11.2Tl8.8O24,44,3,619.0465518850078,7.058590389414449,11.248,16.51299,3.3329,90.0,90.0,90.0
1000317,data/raw/cif/1/00/03/1000317.cif,NdNiO3,20,3,220.45628544465401,7.560411274540016,5.3879,5.3797,7.6058,90.0,90.0,90.0
1000389,data/raw/cif/1/00/03/1000389.cif,Ba2Zn2ClF7,24,4,382.14204799867065,4.987707211386113,7.7,5.801,8.939,90.0,106.84999999999998,90.0
1000318,data/raw/cif/1/00/03/1000318.cif,NdNiO3,20,3,220.707972259656,7.551789674629908,5.3891,5.3816,7.6101,90.0,90.0,90.0
1000390,data/raw/cif/1/00/03/1000390.cif,Ba2Co2ClF7,24,4,380.7554909715387,4.892902095784238,7.692,5.783,8.945,90.0,106.88,90.0
1000319,data/raw/cif/1/00/03/1000319.cif,Ba3Ta2(OF6)2,38,4,637.600554010855,5.385061008484922,5.5063,5.5063,21.0295,90.0,90.0,90.0
1000391,data/raw/cif/1/00/03/1000391.cif,Ba2MnNiClF7,24,5,388.3984829686746,4.76040674095698,7.766,5.844,8.932,90.0,106.64000000000001,90.0
1000320,data/raw/cif/1/00/03/1000320.cif,Ba2CeC3O9F,32,5,433.6804972023552,4.700376225125983,13.365,5.097,6.638,90.0,106.45,90.0
1000392,data/raw/cif/1/00/03/1000392.cif,Ca4Tl2CO9,50,4,415.9967795755738,5.7886512747685686,4.77944,4.77944,18.21109,90.0,90.0,90.0
1000321,data/raw/cif/1/00/03/1000321.cif,BaCuCO3F2,48,5,400.27187554799997,4.9596266853972795,4.889,8.539,9.588,90.0,90.0,90.0
1000393,data/raw/cif/1/00/03/1000393.cif,Ba3TaOF9,64,4,934.6352407753018,5.542600832736468,5.9422,26.39499,5.959,90.0,90.0,90.0
1000322,data/raw/cif/1/00/03/1000322.cif,Ga4P3H2(O8F)2,216,5,3421.9618465500002,2.592513246990521,13.455,13.455,18.902,90.0,90.0,90.0
1000394,data/raw/cif/1/00/03/1000394.cif,BaCuCO3F2,32,5,399.45043563720003,4.969825786308397,4.8866,8.531,9.582,90.0,90.0,90.0
1000323,data/raw/cif/1/00/03/1000323.cif,Ba10FeCu12F47,166,4,1995.9132759611277,5.13257315035275,15.447,11.638,11.809,90.0,109.92,90.0
1000395,data/raw/cif/1/00/03/1000395.cif,KGdCO3F2,128,5,1712.77400704914,4.566032185996892,7.006,11.181,21.86499,90.0,90.0,90.0
1000324,data/raw/cif/1/00/03/1000324.cif,Ba4Nb2(OF4)3,252,4,4053.620449608964,4.970284925365319,22.672,13.075,14.996,90.0,114.234,90.0
1000396,data/raw/cif/1/00/03/1000396.cif,Zr(WO4)2,44,3,767.216826439336,5.081061924258784,9.1546,9.1546,9.1546,90.0,90.0,90.0
1000325,data/raw/cif/1/00/03/1000325.cif,K2FeF5,64,3,969.4582090598581,3.1384067010611147,7.3591,23.0897,5.7054,90.0,90.0,90.0
1000397,data/raw/cif/1/00/03/1000397.cif,Ba5Cu4ClF17,81,4,1276.7996851827675,5.069190255593575,10.731,10.731,12.803,90.0,90.0,119.99999999999999
1000326,data/raw/cif/1/00/03/1000326.cif,Li4ZnIn2F12,40,4,423.2667319339201,4.321662802311241,4.7496,17.606,5.0617,90.0,90.0,90.0
1000398,data/raw/cif/1/00/03/1000398.cif,Na2Sr7Al6F34,98,4,1238.2211372003417,3.935108615513583,16.07199,10.822,7.258,90.0,101.23,90.0
1000327,data/raw/cif/1/00/03/1000327.cif,TaBi(P2O7)2,40,4,562.1284102770001,4.359041426042385,8.253,8.253,8.253,90.0,90.0,90.0
1000399,data/raw/cif/1/00/03/1000399.cif,Ba7Ga6(O9F8)2,94,4,1426.3973495348237,4.5904506276637544,16.90799,11.406,7.542,90.0,101.28,90.0
1000328,data/raw/cif/1/00/03/1000328.cif,Ta3.596P7.608O28,40,3,533.214439029,4.15534649899839,8.109,8.109,8.109,90.0,90.0,90.0
1000329,data/raw/cif/1/00/03/1000329.cif,Ba3AlF9,52,3,833.5883284800001,4.860158077456368,10.063,5.567,14.88,90.0,90.0,90.0
1000330,data/raw/cif/1/00/03/1000330.cif,Ba2YC2(O2F)3,56,5,776.579752836,4.623568150910428,9.458,6.966,11.787,90.0,90.0,90.0
1000331,data/raw/cif/1/00/03/1000331.cif,Ba2GdC2(O2F)3,56,5,787.552654896,5.1355574913489885,9.513,6.978,11.864,90.0,90.0,90.0
1000332,data/raw/cif/1/00/03/1000332.cif,BaTiOF4,28,4,392.54771632901,4.690180021486601,5.1719,13.7555,5.5178,90.0,90.0,90.0
1000333,data/raw/cif/1/00/03/1000333.cif,Li2P2PdO7,48,4,548.24811824124,3.5648520448475285,12.5858,7.4955,5.8116,90.0,90.0,90.0
1000334,data/raw/cif/1/00/03/1000334.cif,Li2TiTeO6,20,4,209.35042356682303,4.526641759436067,5.0743,4.9067,8.4083,90.0,90.0,90.0
1000337,data/raw/cif/1/00/03/1000337.cif,Na2P2PdO7,48,4,622.0676418888222,3.484541144102272,14.693,5.8551,7.922,90.0,114.11,90.0
1000338,data/raw/cif/1/00/03/1000338.cif,Ba3Na2Cr4F20,58,4,815.0725978408378,4.261655729914382,7.262,20.668,5.431,90.0,90.76,90.0
1000339,data/raw/cif/1/00/03/1000339.cif,KNbSi2O7,44,4,621.5464018137599,3.2077828362355656,8.7404,8.7404,8.136,90.0,90.0,90.0
1000340,data/raw/cif/1/00/03/1000340.cif,Na3Sr4Cr5F26,304,4,4059.4436025561918,3.8398505628865323,19.959,7.45,29.291,90.0,111.244,90.0
1000341,data/raw/cif/1/00/03/1000341.cif,Ba2TiOF6,40,4,619.4460691492706,4.8521537664937435,11.446,9.304,7.252,90.0,126.67000000000002,90.0
1000343,data/raw/cif/1/00/03/1000343.cif,Na3La2C4O12F,56,5,515.3950149372284,3.9037173554460933,5.083,5.083,23.034,90.0,90.0,119.99999999999999
1000344,data/raw/cif/1/00/03/1000344.cif,CrH12Pd(NO)4,88,5,818.70658327081,2.357113151242676,7.3177,7.3177,15.289,90.0,90.0,90.0
1000345,data/raw/cif/1/00/03/1000345.cif,Ba3V2(OF2)4,68,4,988.626691845,4.903539422155077,9.945,10.277,9.673,90.0,90.0,90.0
1000346,data/raw/cif/1/00/03/1000346.cif,V6Fe4(CuO8)3,37,4,461.85532575744486,3.9680353535158845,6.6000000000000005,8.047999999999998,9.759,106.08000000000001,103.72,102.27999999999999
1000347,data/raw/cif/1/00/03/1000347.cif,Nd4Ni3O8,30,3,388.30231767987,7.5354017758929,3.9171,3.9171,25.307,90.0,90.0,90.0
1000348,data/raw/cif/1/00/03/1000348.cif,MnAlF5,28,3,336.7875179526,3.4890678213588333,3.5837,9.854,9.537,90.0,90.0,90.0
1000349,data/raw/cif/1/00/03/1000349.cif,Ga8P8H35.44N7.44O36.56F4,100,6,932.7744148860002,2.8598033796804097,9.593,9.742,9.981,90.0,90.0,90.0
1000350,data/raw/cif/1/00/03/1000350.cif,Al8P8H33.64N7.04O35.56F5.4,100,6,894.419051064,2.3535313967578864,9.416,9.563,9.933,90.0,90.0,90.0
1000351,data/raw/cif/1/00/03/1000351.cif,Fe4.848P4H0.92O18.2F1.8,48,5,350.43508224,3.416203447051435,5.184,5.184,13.04,90.0,90.0,90.0
1000352,data/raw/cif/1/00/03/1000352.cif,Ba3Nb2(OF3)4,84,4,1368.5132171359999,4.318559673027129,22.633,7.804,7.748,90.0,90.0,90.0
1000354,data/raw/cif/1/00/03/1000354.cif,V18Fe2.7Cu18O57,96,4,1033.5457319318418,5.018385400419707,12.9399,12.9399,7.1275,90.0,90.0,119.99999999999999
1000355,data/raw/cif/1/00/03/1000355.cif,CrCu(PS3)2,40,4,781.0294410095411,3.1455898290109983,5.934999999999999,10.282,13.368,90.0,106.78,90.0
1000356,data/raw/cif/1/00/03/1000356.cif,MoH12Pd(NO)4,88,5,866.16195116706,2.5649548593146827,7.4618,7.4618,15.5565,90.0,90.0,90.0
1000357,data/raw/cif/1/00/03/1000357.cif,Sr2Ca0.5Pr1.1Cu2Hg0.4O7,13,6,177.72628103436,6.256243992911977,3.8463,3.8018,12.154,90.0,90.0,90.0
1000358,data/raw/cif/1/00/03/1000358.cif,BaVOF4,112,4,1612.5826959,4.6175387366094585,7.92,27.60799,7.375,90.0,90.0,90.0
1000359,data/raw/cif/1/00/03/1000359.cif,FePH4NO4F,96,6,894.17202336,2.790851080265916,12.993,6.468,10.64,90.0,90.0,90.0
1000360,data/raw/cif/1/00/03/1000360.cif,Na7Sr2Fe7F32,384,4,5040.884310799999,3.5182291594057054,10.372,10.805,44.98,90.0,90.0,90.0
1000369,data/raw/cif/1/00/03/1000369.cif,Ba3SrTl2Cu2HgO10,38,6,612.1773167392179,7.573573460916882,3.8289,3.8289,41.75699,90.0,90.0,90.0
1000370,data/raw/cif/1/00/03/1000370.cif,Cs3Ga2F9,84,3,1530.8435547982967,4.615368814992778,10.945,10.945000000000002,14.756,90.0,90.0,119.99999999999999
1000371,data/raw/cif/1/00/03/1000371.cif,Mo7Pd3(N5O8)3,196,4,3550.896004286656,2.9646959046098202,10.657999999999998,20.62799,17.55099,90.0,113.03799999999998,90.0
1000372,data/raw/cif/1/00/03/1000372.cif,KCuCO3F,14,5,180.19847868000002,3.3478593854414354,3.972,5.038,9.005,90.0,90.0,90.0
1000373,data/raw/cif/1/00/03/1000373.cif,NaV(OF)2,12,4,155.56904997654567,3.0725417449070225,6.398999999999999,3.59,7.22,90.0,110.29000000000002,90.0
1000375,data/raw/cif/1/00/03/1000375.cif,Ba7Fe6(OF16)2,94,4,1462.1440158717694,4.398079660887296,17.02299,11.482,7.624,90.0,101.13000000000001,90.0
1000376,data/raw/cif/1/00/03/1000376.cif,Fe3Pb8F24,70,4,1022.7490098793089,7.407193974711289,20.118,5.597,9.44,89.75,105.79000000000002,89.38
1000377,data/raw/cif/1/00/03/1000377.cif,Ga2P2H9NO11,100,5,897.3967652580807,2.9640753943617657,9.689,9.703,9.788,90.0,102.78000000000002,90.0
1000378,data/raw/cif/1/00/03/1000378.cif,In4Cu3.9P8S24,44,4,838.493469984526,3.415076186125081,6.095599999999999,10.5645,13.623,90.0,107.101,90.0
1000461,data/raw/cif/1/00/04/1000461.cif,Cs4Cr5F18.24,28,3,479.43110927880696,3.941994121188835,7.2,7.2,10.679,90.0,90.0,119.99999999999999
1000400,data/raw/cif/1/00/04/1000400.cif,Na7.84Sr24.16Zn4Fe24F136,196,5,2630.7171039420264,4.092042231376486,16.16699,11.013,15.09,90.0,101.72,90.0
1000462,data/raw/cif/1/00/04/1000462.cif,Cs4Cr4.001Co0.999F18.24,28,4,483.51515695372984,3.93249805078829,7.203,7.203,10.761,90.0,90.0,119.99999999999999
1000401,data/raw/cif/1/00/04/1000401.cif,Nb8H8.16O24,80,3,446.81986112499993,4.219772285152552,7.645,7.645,7.645,90.0,90.0,90.0
1000463,data/raw/cif/1/00/04/1000463.cif,La4C1.998O9.998,24,3,229.53222769018888,5.350462498872295,4.0755,4.0755,15.957,90.0,90.0,119.99999999999999
1000402,data/raw/cif/1/00/04/1000402.cif,Fe2O2F5,36,4,540.243337448,2.9345207427595863,7.477,10.862,6.652,90.0,90.0,90.0
1000464,data/raw/cif/1/00/04/1000464.cif,La4C1.692O9.692,24,3,234.44316719009893,5.177676791706831,4.0852,4.0852,16.2211,90.0,90.0,119.99999999999999
1000403,data/raw/cif/1/00/04/1000403.cif,Ba2V2CuF12,17,4,232.99853557592118,4.761172002449702,5.365,6.95,7.433,65.05000000000001,70.26,73.19000000000001
1000466,data/raw/cif/1/00/04/1000466.cif,FeSnH12(OF)6,78,5,845.0131067103804,2.338300060109375,9.826,9.826,10.106,90.0,90.0,119.99999999999999
1000404,data/raw/cif/1/00/04/1000404.cif,Fe2H4O2F5,52,5,539.406429696,2.98872013960499,7.472,10.928,6.606,90.0,90.0,90.0
1000465,data/raw/cif/1/00/04/1000465.cif,Li1.04La4C1.482O11.606,54,4,231.34289672446903,5.500579223718468,4.058,4.058,16.22189,90.0,90.0,119.99999999999999
1000405,data/raw/cif/1/00/04/1000405.cif,Fe2H4O2F5,52,5,538.8140633260001,2.9920059062925093,7.469,10.927,6.602,90.0,90.0,90.0
1000467,data/raw/cif/1/00/04/1000467.cif,AlF3,24,2,262.02898431331226,3.193081978294858,4.9305,4.9305,12.4462,90.0,90.0,119.99999999999999
1000406,data/raw/cif/1/00/04/1000406.cif,Fe2H4O2F5,52,5,539.1158012999999,2.9903313091128627,7.47,10.93,6.603,90.0,90.0,90.0
1000468,data/raw/cif/1/00/04/1000468.cif,VF3,24,2,310.82094636914496,3.4598657269759485,5.168,5.168,13.438,90.0,90.0,119.99999999999999
1000407,data/raw/cif/1/00/04/1000407.cif,AlTlF4,24,3,338.59283942268,6.029433080542129,5.1418,5.1418,12.807,90.0,90.0,90.0
1000479,data/raw/cif/1/00/04/1000479.cif,K2AlF5,8,3,131.61495127499998,2.525475707167574,5.965,5.965,3.699,90.0,90.0,90.0
1000408,data/raw/cif/1/00/04/1000408.cif,AlTlF4,24,3,336.8920719518429,6.059872097974516,5.1376,5.1301,12.7822,90.0,90.119,90.0
1000480,data/raw/cif/1/00/04/1000480.cif,V4.08P1.92H16N4O16,42,6,420.5480523679999,2.351161988888732,8.629,8.629,5.648,90.0,90.0,90.0
1000409,data/raw/cif/1/00/04/1000409.cif,AlTlF4,24,3,330.3274739612332,6.1802999380226735,5.1138,5.0912,12.6878,90.0,90.28899999999999,90.0
1000481,data/raw/cif/1/00/04/1000481.cif,BaFeOF5,64,4,1016.019464094,3.9768941714481802,10.314,7.317,13.463,90.0,90.0,90.0
1000410,data/raw/cif/1/00/04/1000410.cif,AlTlF4,24,3,326.9837070375543,6.243500281239778,5.101,5.0745,12.6324,90.0,90.35499999999999,90.0
1000482,data/raw/cif/1/00/04/1000482.cif,La2Pd2O5,18,3,252.95707667000002,7.49204735793894,6.703,6.703,5.63,90.0,90.0,90.0
1000411,data/raw/cif/1/00/04/1000411.cif,Ba2Cu5F14,84,3,1111.263970636493,5.130529142005549,18.17,6.652,10.328,90.0,117.1,90.0
1000483,data/raw/cif/1/00/04/1000483.cif,La2PdO4,14,3,207.51097549999997,7.173606125474273,4.055,4.055,12.62,90.0,90.0,90.0
1000412,data/raw/cif/1/00/04/1000412.cif,AlC2N6O2F5,64,5,1145.2091935230599,1.5197838838800688,20.04999,7.291,7.834,90.0,90.0,90.0
1000484,data/raw/cif/1/00/04/1000484.cif,La4PdO7,24,3,372.14092029453906,6.907704787954532,13.469,4.0262,9.448,90.0,133.42,90.0
1000413,data/raw/cif/1/00/04/1000413.cif,FeH18C3(N3F2)3,296,5,2821.151997000001,1.648422034531885,14.13,14.13,14.13,90.0,90.0,90.0
1000485,data/raw/cif/1/00/04/1000485.cif,BaInCuF7,40,4,561.9666146489999,5.303164672845482,6.843,6.843,12.001,90.0,90.0,90.0
1000414,data/raw/cif/1/00/04/1000414.cif,La2NiO4,28,3,379.73972286000003,7.005315256875978,5.468,5.535,12.547,90.0,90.0,90.0
1000486,data/raw/cif/1/00/04/1000486.cif,Sr4Ga2P4H(O4F)4,62,6,769.1737686918891,4.08807487406548,8.257,7.205,13.596,90.0,108.02000000000001,90.0
1000415,data/raw/cif/1/00/04/1000415.cif,Ba4Pr2.6Cu4.4Hg3O16,30,6,446.33670938127995,7.638040068813951,3.9236,3.9236,28.993,90.0,90.0,90.0
1000487,data/raw/cif/1/00/04/1000487.cif,Sr4Fe4P6H(O6F)4,43,6,550.6044336615691,3.68141419708492,8.072,8.794,8.885,102.46,115.95,89.95
1000416,data/raw/cif/1/00/04/1000416.cif,Ca6.12Tl7.88O18,32,3,444.919998969963,8.00115802433305,11.118,3.341,12.287,90.0,102.88000000000001,90.0
1000488,data/raw/cif/1/00/04/1000488.cif,SrAl2P2(O4F)2,60,5,684.5263418840001,3.585584303915517,12.026,12.199,4.666,90.0,90.0,90.0
1000417,data/raw/cif/1/00/04/1000417.cif,NaCaAlF6,27,4,349.70010588790933,2.9066271304194222,8.9295,8.9295,5.0642,90.0,90.0,119.99999999999999
1000489,data/raw/cif/1/00/04/1000489.cif,Li2P2H2O7,234,4,2693.810886050936,2.106420045955415,15.7442,15.7442,12.5486,90.0,90.0,119.99999999999999
1000418,data/raw/cif/1/00/04/1000418.cif,Na8.064Ca8Al14F66,136,4,1253.0752095410003,2.8327515653044326,10.781,10.781,10.781,90.0,90.0,90.0
1000490,data/raw/cif/1/00/04/1000490.cif,CsCoF4,120,3,2003.0533343615516,4.4406798712699755,12.4476,12.4476,12.9277,90.0,90.0,90.0
1000419,data/raw/cif/1/00/04/1000419.cif,NaAlCdF6,36,4,450.8315603272,4.071833041743824,12.506,3.6406,9.902,90.0,90.0,90.0
1000491,data/raw/cif/1/00/04/1000491.cif,CsCoF4,120,3,1988.8133471407077,4.472475325936275,12.4353,12.4353,12.8612,90.0,90.0,90.0
1000420,data/raw/cif/1/00/04/1000420.cif,Cr2F5,28,3,359.7563939803442,3.673831184603981,7.7526,7.5228,7.4477,90.0,124.081,90.0
1000492,data/raw/cif/1/00/04/1000492.cif,Cs2NaAl3F12,18,4,260.0051240888576,3.8174154849482194,7.3100000000000005,7.3100000000000005,7.31,57.45,57.45,57.45
1000421,data/raw/cif/1/00/04/1000421.cif,BaZnF4,24,3,356.50847169364,5.193048114907962,4.1974,14.546,5.8391,90.0,90.0,90.0
1000493,data/raw/cif/1/00/04/1000493.cif,Rb8Nb16O39.9984F8.0016,128,4,1154.9810154880004,4.25883155427064,10.492,10.492,10.492,90.0,90.0,90.0
1000422,data/raw/cif/1/00/04/1000422.cif,BaZnF4,24,3,353.33714124384005,5.239657626594475,4.1843,14.496,5.8253,90.0,90.0,90.0
1000494,data/raw/cif/1/00/04/1000494.cif,Nb16Tl8O39.9984F8.0016,96,4,1159.610634216,5.604105439183653,10.506,10.506,10.506,90.0,90.0,90.0
1000423,data/raw/cif/1/00/04/1000423.cif,Cs2Zr(Si2O5)3,144,4,2210.9176794756195,3.4498089286786775,26.60999,7.506,11.602,90.0,107.43,90.0
1000495,data/raw/cif/1/00/04/1000495.cif,Cs8Nb16O39.9984F8.0016,128,4,1165.9134531250002,4.759398026511265,10.525,10.525,10.525,90.0,90.0,90.0
1000424,data/raw/cif/1/00/04/1000424.cif,Fe7Pb7F34,96,4,1366.5980952554678,6.044489006520917,16.375,11.233,7.615,90.0,102.67,90.0
1000496,data/raw/cif/1/00/04/1000496.cif,RbAlF4,12,3,165.026921875,3.7923131511755677,5.125,5.125,6.283,90.0,90.0,90.0
1000425,data/raw/cif/1/00/04/1000425.cif,CsPd2F5,32,3,544.822402742,5.373213589613689,6.473,7.853,10.718,90.0,90.0,90.0
1000497,data/raw/cif/1/00/04/1000497.cif,Ba2Zn7F18,27,3,342.3353946204378,5.211934725063501,7.032,7.292,7.505,94.23999999999998,92.82,116.39000000000001
1000426,data/raw/cif/1/00/04/1000426.cif,V4Fe1.12Cu4H2Pb2.88O19.6,36,6,427.9919000000001,5.559173014338288,7.525,5.9,9.64,90.0,90.0,90.0
1000498,data/raw/cif/1/00/04/1000498.cif,BaMnFeF7,40,4,550.0401582685062,4.602060769024374,5.5075,10.9584,9.1427,90.0,94.568,90.0
1000427,data/raw/cif/1/00/04/1000427.cif,Bi2Te4O11,68,3,1047.152552716037,7.004990018959274,6.990900000000001,7.9593,18.89629,90.0,95.176,90.0
1000499,data/raw/cif/1/00/04/1000499.cif,RbCrCoF6,128,4,1085.4231239329997,3.7987810096876173,10.277,10.277,10.277,90.0,90.0,90.0
1000428,data/raw/cif/1/00/04/1000428.cif,Ba0.86Ca2In6O12,24,4,272.39467168646456,6.578631082075586,9.888,9.888,3.217,90.0,90.0,119.99999999999999
1000429,data/raw/cif/1/00/04/1000429.cif,Ba0.83Ca2.1In6O12,23,4,272.39467168646456,6.577948260418473,9.888,9.888,3.217,90.0,90.0,119.99999999999999
1000430,data/raw/cif/1/00/04/1000430.cif,SrFeP(O2F)2,36,5,436.1421755452143,4.209893945704452,5.207,12.216,7.037,90.0,103.00000000000001,90.0
1000431,data/raw/cif/1/00/04/1000431.cif,V4Fe2O13,76,3,1113.7924460501285,3.121609200128223,8.3125,9.4055,14.5768,90.0,102.231,90.0
1000432,data/raw/cif/1/00/04/1000432.cif,LiFeSnO4,20,4,153.366483144,5.316046969494155,3.066,5.066,9.874,90.0,90.0,90.0
1000433,data/raw/cif/1/00/04/1000433.cif,Li2.832Fe1.5Sn2.168O8,16,4,155.394376504,5.223117506860439,3.074,5.116,9.881,90.0,90.0,90.0
1000434,data/raw/cif/1/00/04/1000434.cif,Li4.0002Fe4Sn3.9998O16,28,4,306.00587771437137,5.328556917599553,6.012,6.012,9.776,90.0,90.0,119.99999999999999
1000436,data/raw/cif/1/00/04/1000436.cif,Li0.42La1.184Ti2O6,10,4,116.588114817044,5.114721015678242,3.8714,3.8714,7.7789,90.0,90.0,90.0
1000437,data/raw/cif/1/00/04/1000437.cif,Li0.66La1.104Ti2O6,10,4,116.25550830917899,4.994423447925634,3.8741,3.8741,7.7459,90.0,90.0,90.0
1000438,data/raw/cif/1/00/04/1000438.cif,Li0.48La1.168Ti2O6,10,4,116.52028200000001,5.0919607435943055,3.87,3.87,7.78,90.0,90.0,90.0
1000439,data/raw/cif/1/00/04/1000439.cif,RbFeF4,24,3,367.296669889924,3.9297474544422064,7.6651,7.6316,6.2789,90.0,90.0,90.0
1000441,data/raw/cif/1/00/04/1000441.cif,Sr2Fe2H2OF10,136,5,1679.68454950296,3.914303833647296,7.848,19.86699,10.773,90.0,90.0,90.0
1000442,data/raw/cif/1/00/04/1000442.cif,Al2O3,40,2,361.30442364870004,3.7488759777202056,4.8437,8.33,8.9547,90.0,90.0,90.0
1000443,data/raw/cif/1/00/04/1000443.cif,Yb3(OF5)2,272,3,3599.867065976,5.469669558654571,15.326,15.326,15.326,90.0,90.0,90.0
1000444,data/raw/cif/1/00/04/1000444.cif,KYb3OF10,272,4,3609.0354032190003,5.625821598271875,15.339,15.339,15.339,90.0,90.0,90.0
1000445,data/raw/cif/1/00/04/1000445.cif,FeN2F5,32,3,532.66947007743,2.23018678519288,6.3385,7.6191,11.0298,90.0,90.0,90.0
1000447,data/raw/cif/1/00/04/1000447.cif,Ba2Ni2ClF7,24,4,368.91989277545395,5.0455576409506095,7.602,5.766,8.788,90.0,106.72,90.0
1000448,data/raw/cif/1/00/04/1000448.cif,Ba2MnNiClF7,24,5,384.358723863032,4.810440460199934,7.746,5.82,8.898,90.0,106.63000000000001,90.0
1000449,data/raw/cif/1/00/04/1000449.cif,Ba2FeCoClF7,24,5,383.15692103727366,4.835468449429041,7.748999999999999,5.771,8.95,90.0,106.80000000000001,90.0
1000450,data/raw/cif/1/00/04/1000450.cif,Na3Eu(CO3)3,64,4,783.3155453759999,3.3999568221166525,9.942,11.024,7.147,90.0,90.0,90.0
1000453,data/raw/cif/1/00/04/1000453.cif,RbAlF4,6,3,84.409380607156,3.707133979795659,3.6586,3.6586,6.3061,90.0,90.0,90.0
1000454,data/raw/cif/1/00/04/1000454.cif,RbAlF4,12,3,166.049343,3.7689626156761458,5.1375,5.1375,6.2912,90.0,90.0,90.0
1000455,data/raw/cif/1/00/04/1000455.cif,RbAlF4,12,3,164.839470304135,3.796625680547861,5.1227,5.1227,6.2815,90.0,90.0,90.0
1000456,data/raw/cif/1/00/04/1000456.cif,RbAlF4,24,3,327.06860799168004,3.826926527540701,7.2285,7.2252,6.2624,90.0,90.0,90.0
1000457,data/raw/cif/1/00/04/1000457.cif,RbAlF4,24,3,324.346453672592,3.8590449134759246,7.2124,7.2073,6.2396,90.0,90.0,90.0
1000458,data/raw/cif/1/00/04/1000458.cif,Ga12P12C9N6.004O50F8,110,6,1483.2036266886907,2.633782835505519,8.674000000000001,10.19,16.82599,90.0,94.21,90.0
1000459,data/raw/cif/1/00/04/1000459.cif,Ca4Al2H22CO20,49,5,433.0247408055055,2.179854366039256,5.7747,8.4689,9.923,64.77,82.75,81.43000000000002
1000460,data/raw/cif/1/00/04/1000460.cif,CrCu(PS3)2,52,4,777.2493322502282,3.1608882296303014,5.916,10.246,13.415,90.0,107.09,90.0
1000469,data/raw/cif/1/00/04/1000469.cif,Cs8Nb10Si6O41.004,66,4,1034.77642320274,4.520305706567718,7.342,7.342,22.16599,90.0,90.0,119.99999999999999
1000470,data/raw/cif/1/00/04/1000470.cif,BaSmC2O6F,66,5,826.7773493886807,5.14206641198492,5.016,5.016,37.94398,90.0,90.0,119.99999999999999
1000471,data/raw/cif/1/00/04/1000471.cif,Ba3La2C5O15F2,108,5,1453.1477984663393,4.698096817910465,21.471980000000002,5.098,13.325,90.0,94.96000000000001,90.0
1000472,data/raw/cif/1/00/04/1000472.cif,Na5V2P3HO15,52,5,648.9016917756442,2.818748494880046,6.3088999999999995,20.10379,5.1172,90.0,91.134,90.0
1000473,data/raw/cif/1/00/04/1000473.cif,BaY2F8,26,3,308.77743405480305,5.024206849432825,6.9829,10.519,4.2644,90.0,99.676,90.0
1000474,data/raw/cif/1/00/04/1000474.cif,K12Gd6C9O27F11.994,78,5,965.6313069371263,3.7498945525406833,9.0268,9.0268,13.684,90.0,90.0,119.99999999999999
1000475,data/raw/cif/1/00/04/1000475.cif,Ga12H0.88O0.88F36,56,4,655.49379014,3.8900427158785305,7.21,12.398,7.333,90.0,90.0,90.0
1000476,data/raw/cif/1/00/04/1000476.cif,FeF3,8,2,103.85695770006454,3.608339407111386,5.362,5.362,5.362,57.94,57.94,57.94
1000477,data/raw/cif/1/00/04/1000477.cif,Ba2CeC3O9F,32,5,433.6804972023552,4.700376225125983,13.365,5.097,6.638,90.0,106.45,90.0
1000478,data/raw/cif/1/00/04/1000478.cif,K2AlH2OF5,22,5,279.373060351795,2.5937034728141897,6.133,7.475,6.142,90.0,97.17,90.0
1000500,data/raw/cif/1/00/05/1000500.cif,La7Mo7O30,132,3,1718.1356186180294,6.158104235460103,17.0051,17.0051,6.8607,90.0,90.0,119.99999999999999
1000501,data/raw/cif/1/00/05/1000501.cif,La7Mo7O30,132,3,1718.54658436777,6.156631613218072,17.00639,17.00639,6.8613,90.0,90.0,119.99999999999999
1000502,data/raw/cif/1/00/05/1000502.cif,Na2Gd2B2O7,52,4,617.5209430550743,5.3145917964767575,10.694999999999999,6.32,10.328,90.0,117.80000000000001,90.0
1000503,data/raw/cif/1/00/05/1000503.cif,Li4La4.5Ti5.5Nb2.5O26,44,5,487.762409456,5.325700869991872,3.88,3.88,32.39999,90.0,90.0,90.0
1000504,data/raw/cif/1/00/05/1000504.cif,Na2Gd2MgSi4(O6F)2,46,6,559.2266606802596,4.318123048281909,5.178,7.51,14.381,90.0,90.22,90.0
1000505,data/raw/cif/1/00/05/1000505.cif,GaP(H2O3)2,96,4,835.16793830708,3.192762172001534,9.926,8.6189,9.7622,90.0,90.0,90.0
1000508,data/raw/cif/1/00/05/1000508.cif,H26C16O5,376,3,3378.4487990311504,1.1732313292112655,13.7805,29.081,8.4303,90.0,90.0,90.0
1000509,data/raw/cif/1/00/05/1000509.cif,SiH34C23O4,496,4,4710.48297005901,1.1353937819857975,28.083999999999996,8.3502,20.303,90.0,98.37,90.0
1000510,data/raw/cif/1/00/05/1000510.cif,SiH34C23O4,124,4,1172.5216695203308,1.1403313928822565,9.4586,11.1593,12.4892,89.406,72.021,70.117
1001061,data/raw/cif/1/00/10/1001061.cif,TlSbWO6,96,4,1075.000606784,7.48838994487829,10.244,10.244,10.244,90.0,90.0,90.0
1001000,data/raw/cif/1/00/10/1001000.cif,CaH4(NO4)2,304,4,2468.7991559720003,2.1536258509120523,11.827,16.538,12.622,90.0,90.0,90.0
1001062,data/raw/cif/1/00/10/1001062.cif,SbWO7,72,3,1085.7400049520002,5.109393687285631,10.278,10.278,10.278,90.0,90.0,90.0
1001001,data/raw/cif/1/00/10/1001001.cif,Rb2Ge4O9,90,3,1246.0670591005019,4.841345217843964,12.08,12.08,9.86,90.0,90.0,119.99999999999999
1001063,data/raw/cif/1/00/10/1001063.cif,SbWNO6,72,4,1077.5211230080001,5.123798837745043,10.252,10.252,10.252,90.0,90.0,90.0
1001002,data/raw/cif/1/00/10/1001002.cif,Rb2Ti(GeO3)3,90,4,1304.8962946833897,4.433932117928807,12.19,12.19,10.14,90.0,90.0,119.99999999999999
1001064,data/raw/cif/1/00/10/1001064.cif,AgSbWO7,88,4,1093.6820881270003,6.382501904591172,10.303,10.303,10.303,90.0,90.0,90.0
1001066,data/raw/cif/1/00/10/1001066.cif,Ba6Si5.2506Ge18.7494O54,84,4,1135.79358481623,4.6745531548565875,11.595,11.595,9.755,90.0,90.0,119.99999999999999
1001004,data/raw/cif/1/00/10/1001004.cif,RbNb(BO3)2,100,4,1371.23850204,3.584403752295535,19.64,9.449,7.389,90.0,90.0,90.0
1001065,data/raw/cif/1/00/10/1001065.cif,Ba2Si3Ge5O18,28,4,373.5059919278806,4.490717824088452,6.667,6.667,9.703,90.0,90.0,119.99999999999999
1001005,data/raw/cif/1/00/10/1001005.cif,Nb33Tl10.74H0.75O90,186,4,2114.453269786292,5.263023212080732,7.51,7.509999999999999,43.29,90.0,90.0,119.99999999999999
1001007,data/raw/cif/1/00/10/1001007.cif,K3Nb3(BO6)2,20,4,263.14625792111775,3.8469576362504694,8.753,8.753,3.966,90.0,90.0,119.99999999999999
1001079,data/raw/cif/1/00/10/1001079.cif,Sn5W8O23,72,4,948.9153373895134,8.512574908598015,7.667,7.667,18.64,90.0,90.0,119.99999999999999
1001008,data/raw/cif/1/00/10/1001008.cif,K3Nb3(BO6)2,320,4,3972.7991146855347,4.076974353395701,34.01,34.01,3.966,90.0,90.0,119.99999999999999
1001080,data/raw/cif/1/00/10/1001080.cif,Tl2W4O13,120,3,1065.32938752,8.430241837026488,7.327,37.864,3.84,90.0,90.0,90.0
1001009,data/raw/cif/1/00/10/1001009.cif,Nb2PbO6,368,3,4905.110781576001,6.621818355579332,35.292,17.943,7.746,90.0,90.0,90.0
1001081,data/raw/cif/1/00/10/1001081.cif,KTiNbO5,32,4,451.1772226290001,3.8257436261006195,6.447,3.797,18.431,90.0,90.0,90.0
1001010,data/raw/cif/1/00/10/1001010.cif,Nb12.36Tl4O32.888,76,3,759.48463917,5.448611792866117,7.551,13.005,7.734,90.0,90.0,90.0
1001082,data/raw/cif/1/00/10/1001082.cif,K3.4Ti3.4Nb4.6O20,32,4,461.64151799999996,3.7518454329873014,6.474,3.8,18.765,90.0,90.0,90.0
